"","name","age","mw","league","year","points","ranking","logmw"
"1","Chelsea",25.5,13.45,"Premier League",2010,86,1,2.59897910604785
"2","Man United",25,11,"Premier League",2010,85,2,2.39789527279837
"3","Liverpool",24.4,11.22,"Premier League",2010,63,7,2.41769790009455
"4","Man City",24.1,7.87,"Premier League",2010,67,5,2.06305806242931
"5","Arsenal",21.7,6.24,"Premier League",2010,75,3,1.83098018238134
"6","Tottenham",23.3,6.08,"Premier League",2010,70,4,1.80500469597808
"7","Everton",23.1,5.28,"Premier League",2010,61,8,1.66392609771817
"8","Aston Villa",25.5,5.17,"Premier League",2010,64,6,1.64287268852034
"9","Sunderland",24.5,3.47,"Premier League",2010,44,13,1.24415459395877
"10","West Ham",23.8,3.38,"Premier League",2010,35,17,1.21787570949493
"11","Portsmouth",25.4,2.22,"Premier League",2010,28,20,0.797507195884188
"12","Fulham",25.3,2.21,"Premier League",2010,46,12,0.792992515529661
"13","Blackburn",25.3,2.58,"Premier League",2010,50,9,0.947789398933526
"14","Bolton",25.3,2.67,"Premier League",2010,39,14,0.982078472412158
"15","Stoke",25.9,2.08,"Premier League",2010,47,11,0.732367893713227
"16","Hull",26,2.04,"Premier League",2010,30,19,0.712949807856125
"17","Wigan",25.4,2.11,"Premier League",2010,36,16,0.746687947487975
"18","Birmingham",25.5,1.76,"Premier League",2010,50,10,0.56531380905006
"19","Wolves",24.1,1.61,"Premier League",2010,38,15,0.476234178996372
"20","Burnley",25,1.17,"Premier League",2010,30,18,0.157003748809665
"21","Real Madrid",24.5,15.79,"LaLiga",2010,96,2,2.75937682826755
"22","Barcelona",24.1,13.73,"LaLiga",2010,99,1,2.61958321977988
"23","Valencia",24.6,6.29,"LaLiga",2010,71,3,1.83896107071235
"24","Sevilla",24.5,5.94,"LaLiga",2010,63,4,1.78170913337455
"25","Ath Madrid",23.1,5.69,"LaLiga",2010,47,9,1.73871024813824
"26","Villarreal",25.5,5.38,"LaLiga",2010,56,7,1.68268837417369
"27","Zaragoza",25.5,2.36,"LaLiga",2010,41,14,0.858661619037519
"28","Santander",24.4,2.31,"LaLiga",2010,39,16,0.837247524533702
"29","Ath Bilbao",24.2,2.12,"LaLiga",2010,54,8,0.751416088683921
"30","Espanol",23.8,2.17,"LaLiga",2010,44,11,0.774727167552368
"31","Getafe",25.4,2.53,"LaLiga",2010,58,6,0.928219302739429
"32","Almeria",25.4,2.58,"LaLiga",2010,42,13,0.947789398933526
"33","La Coruna",25,2.02,"LaLiga",2010,47,10,0.703097511413113
"34","Malaga",24.4,1.64,"LaLiga",2010,37,17,0.494696241836107
"35","Osasuna",26.4,2.03,"LaLiga",2010,43,12,0.708035793053696
"36","Mallorca",25.7,1.89,"LaLiga",2010,62,5,0.636576829071551
"37","Valladolid",24.5,1.56,"LaLiga",2010,36,19,0.444685821261446
"38","Sp Gijon",24.4,1.22,"LaLiga",2010,40,15,0.198850858745165
"39","Xerez",26.5,1.25,"LaLiga",2010,34,20,0.22314355131421
"40","Tenerife",26,0.9,"LaLiga",2010,36,18,-0.105360515657826
"41","Inter",23.9,7.93,"Serie A",2010,82,1,2.07065303564676
"42","Milan",25.9,7.11,"Serie A",2010,70,3,1.96150224381515
"43","Juventus",24.6,6.59,"Serie A",2010,55,7,1.88555334851442
"44","Roma",24.3,6.14,"Serie A",2010,80,2,1.81482474215905
"45","Fiorentina",23,4.39,"Serie A",2010,47,11,1.47932922708708
"46","Lazio",23.8,2.29,"Serie A",2010,46,12,0.828551817566148
"47","Napoli",25.7,3.84,"Serie A",2010,59,6,1.34547236659964
"48","Genoa",23.2,2.7,"Serie A",2010,51,9,0.993251773010283
"49","Udinese",22.5,2.42,"Serie A",2010,44,14,0.883767540168595
"50","Sampdoria",24.1,2.55,"Serie A",2010,67,4,0.936093359170335
"51","Palermo",23.3,2.23,"Serie A",2010,65,5,0.802001585472027
"52","Parma",23.7,1.54,"Serie A",2010,52,8,0.431782416425538
"53","Atalanta",25.1,1.77,"Serie A",2010,35,18,0.570979546585738
"54","Bologna",26.5,1.71,"Serie A",2010,42,17,0.536493370514568
"55","Catania",24.6,1.45,"Serie A",2010,45,13,0.371563556432483
"56","Livorno",24.7,1.26,"Serie A",2010,29,20,0.231111720963387
"57","Siena",24.3,1.11,"Serie A",2010,31,19,0.104360015324243
"58","Cagliari",23.3,1.27,"Serie A",2010,44,15,0.2390169004705
"59","Bari",25.5,0.996,"Serie A",2010,50,10,-0.00400802139753882
"60","Chievo",25.7,0.982,"Serie A",2010,44,16,-0.0181639706276712
"61","Bayern Munich",25.1,9.77,"1. Bundesliga",2010,70,1,2.27931646605469
"62","Wolfsburg",24.9,5.03,"1. Bundesliga",2010,50,8,1.61541998411165
"63","Hamburg",24,4.17,"1. Bundesliga",2010,52,7,1.42791603581071
"64","Werder Bremen",23.4,3.53,"1. Bundesliga",2010,61,3,1.26129787094521
"65","Stuttgart",24.2,3.68,"1. Bundesliga",2010,55,6,1.30291275218084
"66","Schalke 04",23.3,2.84,"1. Bundesliga",2010,65,2,1.04380405217311
"67","Leverkusen",23.6,3.64,"1. Bundesliga",2010,59,4,1.29198368164865
"68","Hoffenheim",22.3,2.75,"1. Bundesliga",2010,42,11,1.01160091167848
"69","Dortmund",23,2.37,"1. Bundesliga",2010,57,5,0.86288995514704
"70","Hertha",24.2,2.31,"1. Bundesliga",2010,24,18,0.837247524533702
"71","FC Koln",23.8,2.19,"1. Bundesliga",2010,38,13,0.783901543828409
"72","Hannover",25.1,1.71,"1. Bundesliga",2010,33,15,0.536493370514568
"73","Ein Frankfurt",24.6,1.72,"1. Bundesliga",2010,46,10,0.542324290825362
"74","M'gladbach",24.5,1.53,"1. Bundesliga",2010,39,12,0.425267735404344
"75","Bochum",25.6,1.39,"1. Bundesliga",2010,28,17,0.3293037471426
"76","Nurnberg",23.9,1.31,"1. Bundesliga",2010,31,16,0.27002713721306
"77","Mainz",25,0.987,"1. Bundesliga",2010,47,9,-0.0130852395486555
"78","Freiburg",23.8,0.987,"1. Bundesliga",2010,35,14,-0.0130852395486555
"79","Lyon",22.6,4.75,"Ligue 1",2010,72,2,1.55814461804655
"80","Marseille",25.1,4.97,"Ligue 1",2010,78,1,1.60341984010854
"81","Bordeaux",24.6,4.24,"Ligue 1",2010,64,6,1.44456326924387
"82","Paris SG",25.7,3.41,"Ligue 1",2010,47,13,1.22671229129543
"83","Lille",23.6,2.57,"Ligue 1",2010,70,4,0.943905898907128
"84","St Etienne",23.6,2.53,"Ligue 1",2010,40,17,0.928219302739429
"85","Rennes",24.6,2.52,"Ligue 1",2010,53,9,0.924258901523332
"86","Monaco",23.8,2.05,"Ligue 1",2010,55,8,0.717839793150317
"87","Toulouse",22.8,1.97,"Ligue 1",2010,47,14,0.678033542749897
"88","Nice",24.2,1.83,"Ligue 1",2010,44,15,0.60431596685333
"89","Nancy",24.8,1.75,"Ligue 1",2010,48,12,0.559615787935423
"90","Auxerre",23.5,1.58,"Ligue 1",2010,71,3,0.457424847038875
"91","Le Mans",23,1.33,"Ligue 1",2010,32,18,0.285178942233662
"92","Valenciennes",25.4,1.51,"Ligue 1",2010,52,10,0.412109650826833
"93","Lorient",25.5,1.42,"Ligue 1",2010,58,7,0.350656871613169
"94","Lens",24.2,1.29,"Ligue 1",2010,48,11,0.254642218373581
"95","Sochaux",22.4,1.3,"Ligue 1",2010,41,16,0.262364264467491
"96","Grenoble",25.2,1.06,"Ligue 1",2010,23,20,0.0582689081239758
"97","Montpellier",24.2,0.956,"Ligue 1",2010,69,5,-0.0449973659307358
"98","Boulogne",24.7,0.88,"Ligue 1",2010,31,19,-0.127833371509885
"99","Chelsea",24.5,13.52,"Premier League",2011,71,2,2.60417007061482
"100","Man United",24.1,8.93,"Premier League",2011,80,1,2.18941639488841
"101","Man City",23.4,8.5,"Premier League",2011,71,3,2.14006616349627
"102","Liverpool",23.5,8.7,"Premier League",2011,58,6,2.16332302566054
"103","Arsenal",23.4,8.95,"Premier League",2011,68,4,2.19165353228676
"104","Tottenham",24.7,7.79,"Premier League",2011,62,5,2.05284085988266
"105","Aston Villa",25.1,5.33,"Premier League",2011,48,9,1.67335123817775
"106","Everton",23.9,5.58,"Premier League",2011,54,7,1.71918877639322
"107","West Ham",25.1,4.08,"Premier League",2011,33,20,1.40609698841607
"108","Sunderland",23.7,3.52,"Premier League",2011,47,10,1.25846098961001
"109","Fulham",27.5,3.29,"Premier League",2011,49,8,1.19088756477728
"110","Birmingham",25.8,3.03,"Premier League",2011,39,18,1.10856261952128
"111","Stoke",27,2.92,"Premier League",2011,46,13,1.07158361628019
"112","Newcastle",23.7,2.52,"Premier League",2011,46,14,0.924258901523332
"113","Blackburn",25.1,2.57,"Premier League",2011,43,15,0.943905898907128
"114","Bolton",25.4,2.75,"Premier League",2011,46,12,1.01160091167848
"115","West Brom",24.3,2.3,"Premier League",2011,47,11,0.832909122935104
"116","Wolves",23.7,1.83,"Premier League",2011,40,17,0.60431596685333
"117","Wigan",24,2.06,"Premier League",2011,42,16,0.72270598280149
"118","Blackpool",24.2,0.886,"Premier League",2011,39,19,-0.121038328377056
"119","Barcelona",23.8,16.5,"LaLiga",2011,96,1,2.80336038090653
"120","Real Madrid",23.3,13.34,"LaLiga",2011,92,2,2.59076704048748
"121","Sevilla",24.4,6.43,"LaLiga",2011,58,7,1.86097453824953
"122","Ath Madrid",24,6.55,"LaLiga",2011,58,5,1.87946504964716
"123","Valencia",25.4,5.57,"LaLiga",2011,71,3,1.71739505393919
"124","Villarreal",24.3,4.27,"LaLiga",2011,62,4,1.45161382724053
"125","Ath Bilbao",24.2,3.28,"LaLiga",2011,58,6,1.18784342239605
"126","Malaga",25.5,2.23,"LaLiga",2011,46,11,0.802001585472027
"127","La Coruna",25.5,2.25,"LaLiga",2011,43,18,0.810930216216329
"128","Getafe",24.4,2.37,"LaLiga",2011,44,17,0.86288995514704
"129","Zaragoza",25.1,2.23,"LaLiga",2011,45,15,0.802001585472027
"130","Osasuna",27.1,2.29,"LaLiga",2011,47,9,0.828551817566148
"131","Almeria",24.9,2.22,"LaLiga",2011,30,20,0.797507195884188
"132","Santander",25,2.08,"LaLiga",2011,46,12,0.732367893713227
"133","Hercules",25.8,1.92,"LaLiga",2011,35,19,0.65232518603969
"134","Espanol",23.3,1.75,"LaLiga",2011,49,8,0.559615787935423
"135","Sp Gijon",24.8,1.75,"LaLiga",2011,47,10,0.559615787935423
"136","Mallorca",25.1,2.01,"LaLiga",2011,44,16,0.698134722070984
"137","Sociedad",24.8,1.67,"LaLiga",2011,45,14,0.512823626428664
"138","Levante",25.7,0.827,"LaLiga",2011,45,13,-0.189950583958446
"139","Inter",24.6,8.87,"Serie A",2011,76,2,2.18267479632149
"140","Milan",26.2,7.74,"Serie A",2011,82,1,2.04640168760164
"141","Juventus",24.5,6.52,"Serie A",2011,58,7,1.87487437593856
"142","Roma",25.2,5.93,"Serie A",2011,63,6,1.78002421300963
"143","Fiorentina",23.4,4.95,"Serie A",2011,51,9,1.5993875765806
"144","Genoa",23.8,3.75,"Serie A",2011,51,10,1.32175583998232
"145","Napoli",24.8,3.35,"Serie A",2011,70,3,1.20896034583698
"146","Sampdoria",23,2.81,"Serie A",2011,36,18,1.03318448334565
"147","Lazio",25.6,2.64,"Serie A",2011,66,5,0.970778917158225
"148","Udinese",23.2,2.81,"Serie A",2011,66,4,1.03318448334565
"149","Parma",24.2,2.41,"Serie A",2011,46,12,0.879626747502564
"150","Palermo",22.7,1.95,"Serie A",2011,56,8,0.667829372575655
"151","Cagliari",26.3,2,"Serie A",2011,45,15,0.693147180559945
"152","Catania",25.3,1.96,"Serie A",2011,46,13,0.672944473242426
"153","Cesena",24.9,1.44,"Serie A",2011,43,16,0.364643113587909
"154","Bari",24.2,1.38,"Serie A",2011,24,20,0.322083499169113
"155","Chievo",25.7,1.28,"Serie A",2011,46,11,0.246860077931526
"156","Brescia",24.7,1.14,"Serie A",2011,32,19,0.131028262406404
"157","Bologna",23.4,1.24,"Serie A",2011,45,14,0.215111379616945
"158","Lecce",24.1,0.959,"Serie A",2011,41,17,-0.0418642040986989
"159","Bayern Munich",24.7,9.18,"1. Bundesliga",2011,65,3,2.2170272046324
"160","Wolfsburg",24.8,6.2,"1. Bundesliga",2011,38,15,1.82454929205105
"161","Leverkusen",24.1,4.89,"1. Bundesliga",2011,68,2,1.58719230348678
"162","Werder Bremen",24,3.86,"1. Bundesliga",2011,41,13,1.35066718347674
"163","Schalke 04",24.2,3.88,"1. Bundesliga",2011,40,14,1.35583515363518
"164","Hamburg",24.9,4.41,"1. Bundesliga",2011,45,8,1.48387468945875
"165","Dortmund",23.8,3.7,"1. Bundesliga",2011,75,1,1.30833281965018
"166","Stuttgart",24.3,3.23,"1. Bundesliga",2011,42,12,1.17248213723457
"167","Hoffenheim",22.8,2.89,"1. Bundesliga",2011,43,11,1.06125650212434
"168","M'gladbach",24.8,2.04,"1. Bundesliga",2011,36,16,0.712949807856125
"169","FC Koln",24.2,1.64,"1. Bundesliga",2011,44,9,0.494696241836107
"170","Ein Frankfurt",24.2,1.83,"1. Bundesliga",2011,34,17,0.60431596685333
"171","Mainz",25.9,1.63,"1. Bundesliga",2011,58,5,0.488580014818671
"172","Hannover",25.1,1.59,"1. Bundesliga",2011,60,4,0.46373401623214
"173","Freiburg",24.3,1.34,"1. Bundesliga",2011,44,10,0.29266961396282
"174","Nurnberg",23.5,1.22,"1. Bundesliga",2011,47,6,0.198850858745165
"175","Kaiserslautern",23.9,1.24,"1. Bundesliga",2011,46,7,0.215111379616945
"176","St Pauli",25.8,0.997,"1. Bundesliga",2011,29,18,-0.00300450902029872
"177","Lyon",23.1,7.25,"Ligue 1",2011,64,3,1.98100146886658
"178","Marseille",25.1,5.29,"Ligue 1",2011,68,2,1.66581824587021
"179","Bordeaux",23.8,4.18,"Ligue 1",2011,51,7,1.43031124653666
"180","Paris SG",25.4,3.68,"Ligue 1",2011,60,4,1.30291275218084
"181","Lille",24.2,3.62,"Ligue 1",2011,76,1,1.28647402583768
"182","Monaco",23.6,2.48,"Ligue 1",2011,44,18,0.908258560176891
"183","Rennes",22.7,2.7,"Ligue 1",2011,56,6,0.993251773010283
"184","Toulouse",22.9,2.52,"Ligue 1",2011,50,8,0.924258901523332
"185","St Etienne",23.8,2.25,"Ligue 1",2011,49,11,0.810930216216329
"186","Nice",24.4,1.78,"Ligue 1",2011,46,15,0.576613364303994
"187","Auxerre",23.3,1.55,"Ligue 1",2011,49,9,0.438254930931155
"188","Nancy",25.2,1.96,"Ligue 1",2011,48,12,0.672944473242426
"189","Valenciennes",24.1,1.45,"Ligue 1",2011,48,13,0.371563556432483
"190","Lorient",24.3,1.61,"Ligue 1",2011,49,10,0.476234178996372
"191","Montpellier",24.2,1.5,"Ligue 1",2011,47,14,0.405465108108164
"192","Lens",23.7,1.23,"Ligue 1",2011,35,19,0.207014169384326
"193","Sochaux",23.1,1.48,"Ligue 1",2011,58,5,0.392042087776024
"194","Arles",26.1,0.762,"Ligue 1",2011,20,20,-0.271808723295491
"195","Brest",24.8,0.789,"Ligue 1",2011,46,16,-0.236988958136263
"196","Caen",23.8,0.803,"Ligue 1",2011,46,17,-0.219400565035375
"197","Chelsea",26.3,15.58,"Premier League",2012,64,6,2.7459880404426
"198","Man City",24.7,13.58,"Premier League",2012,89,1,2.60859812213055
"199","Man United",23.6,9.71,"Premier League",2012,89,2,2.27315628230323
"200","Tottenham",24.2,6.45,"Premier League",2012,69,4,1.86408013080768
"201","Arsenal",23.3,7.1,"Premier League",2012,70,3,1.96009478404727
"202","Liverpool",25,8.85,"Premier League",2012,52,9,2.18041745901984
"203","Everton",25.6,5.59,"Premier League",2012,56,7,1.72097928716701
"204","Aston Villa",25.3,4.64,"Premier League",2012,38,16,1.53471436623816
"205","Sunderland",25,3.79,"Premier League",2012,45,14,1.33236601909433
"206","Newcastle",24.1,3.44,"Premier League",2012,65,5,1.23547147138531
"207","Stoke",27.9,3.84,"Premier League",2012,45,13,1.34547236659964
"208","Fulham",26.1,3.29,"Premier League",2012,52,8,1.19088756477728
"209","QPR",27,2.31,"Premier League",2012,37,17,0.837247524533702
"210","Bolton",25.2,2.65,"Premier League",2012,36,18,0.974559639998131
"211","Blackburn",24.5,2.52,"Premier League",2012,31,19,0.924258901523332
"212","Wolves",24.1,2.34,"Premier League",2012,25,20,0.85015092936961
"213","West Brom",25,2.26,"Premier League",2012,47,10,0.815364813284194
"214","Wigan",25.4,2.41,"Premier League",2012,43,15,0.879626747502564
"215","Swansea",24.8,1.27,"Premier League",2012,47,11,0.2390169004705
"216","Norwich",24.5,0.776,"Premier League",2012,47,12,-0.253602758798918
"217","Barcelona",23.9,17.76,"LaLiga",2012,91,2,2.87694873756402
"218","Real Madrid",23.7,16.41,"LaLiga",2012,100,1,2.797890905102
"219","Ath Madrid",23.8,6.12,"LaLiga",2012,56,5,1.81156209652423
"220","Valencia",24.9,6.29,"LaLiga",2012,61,3,1.83896107071235
"221","Villarreal",24.4,4.42,"LaLiga",2012,41,18,1.48613969608961
"222","Sevilla",24.4,4.55,"LaLiga",2012,50,9,1.51512723296286
"223","Malaga",26,4.01,"LaLiga",2012,58,4,1.38879124131848
"224","Ath Bilbao",24.2,3.82,"LaLiga",2012,49,10,1.34025042261848
"225","Getafe",25.9,2.56,"LaLiga",2012,47,11,0.940007258491471
"226","Espanol",23.4,2.19,"LaLiga",2012,46,14,0.783901543828409
"227","Zaragoza",25.5,2.34,"LaLiga",2012,43,15,0.85015092936961
"228","Sociedad",24.4,2.8,"LaLiga",2012,47,12,1.02961941718116
"229","Mallorca",23.9,1.97,"LaLiga",2012,52,8,0.678033542749897
"230","Granada",26.5,1.85,"LaLiga",2012,42,17,0.615185639090233
"231","Sp Gijon",25.3,1.6,"LaLiga",2012,37,19,0.470003629245736
"232","Betis",25.3,1.42,"LaLiga",2012,47,13,0.350656871613169
"233","Santander",23.6,1.28,"LaLiga",2012,27,20,0.246860077931526
"234","Levante",26.6,1.28,"LaLiga",2012,55,6,0.246860077931526
"235","Osasuna",26.1,1.26,"LaLiga",2012,54,7,0.231111720963387
"236","Vallecano",25.2,1,"LaLiga",2012,43,16,0
"237","Inter",24.4,8.09,"Serie A",2012,58,6,2.0906287310704
"238","Juventus",26.8,8.54,"Serie A",2012,84,1,2.14476100780048
"239","Milan",25.3,6.45,"Serie A",2012,80,2,1.86408013080768
"240","Roma",24.5,4.71,"Serie A",2012,56,7,1.54968790802833
"241","Napoli",23,3.52,"Serie A",2012,61,5,1.25846098961001
"242","Fiorentina",23.7,4.2,"Serie A",2012,46,13,1.43508452528932
"243","Genoa",24.8,3.33,"Serie A",2012,42,17,1.20297230399235
"244","Palermo",23.5,2.63,"Serie A",2012,43,15,0.966983846189673
"245","Lazio",24.1,2.26,"Serie A",2012,62,4,0.815364813284194
"246","Udinese",22.4,2.22,"Serie A",2012,64,3,0.797507195884188
"247","Parma",24.2,2.05,"Serie A",2012,56,8,0.717839793150317
"248","Cagliari",23.8,2.05,"Serie A",2012,43,16,0.717839793150317
"249","Bologna",23.8,1.63,"Serie A",2012,51,10,0.488580014818671
"250","Cesena",24.2,1.39,"Serie A",2012,22,20,0.3293037471426
"251","Catania",25.5,1.55,"Serie A",2012,48,12,0.438254930931155
"252","Atalanta",26.4,1.65,"Serie A",2012,52,9,0.500775287912489
"253","Chievo",25.2,1.27,"Serie A",2012,49,11,0.2390169004705
"254","Siena",25.9,1.18,"Serie A",2012,44,14,0.165514438477573
"255","Lecce",24.8,0.903,"Serie A",2012,36,18,-0.102032725565152
"256","Novara",25.8,0.86,"Serie A",2012,32,19,-0.150822889734584
"257","Bayern Munich",25.1,13.98,"1. Bundesliga",2012,73,2,2.63762773680566
"258","Dortmund",23.8,5.65,"1. Bundesliga",2012,81,1,1.73165554515835
"259","Leverkusen",23.3,5.21,"1. Bundesliga",2012,54,5,1.65057985576528
"260","Schalke 04",23.9,3.7,"1. Bundesliga",2012,64,3,1.30833281965018
"261","Werder Bremen",23.3,3.3,"1. Bundesliga",2012,42,9,1.19392246847243
"262","Wolfsburg",24.9,2.77,"1. Bundesliga",2012,44,8,1.01884732019925
"263","Hamburg",23.1,2.87,"1. Bundesliga",2012,36,15,1.05431202977153
"264","Stuttgart",24.3,3.18,"1. Bundesliga",2012,53,6,1.15688119679209
"265","Hoffenheim",23,2.75,"1. Bundesliga",2012,41,11,1.01160091167848
"266","FC Koln",24.2,2.24,"1. Bundesliga",2012,30,17,0.806475865866949
"267","Hannover",24.7,2.22,"1. Bundesliga",2012,48,7,0.797507195884188
"268","M'gladbach",23.4,2.11,"1. Bundesliga",2012,60,4,0.746687947487975
"269","Freiburg",24.2,1.69,"1. Bundesliga",2012,40,12,0.524728528934982
"270","Mainz",24.7,1.84,"1. Bundesliga",2012,39,13,0.609765571620894
"271","Hertha",23.5,1.68,"1. Bundesliga",2012,31,16,0.518793793415168
"272","Kaiserslautern",23.2,1.39,"1. Bundesliga",2012,23,18,0.3293037471426
"273","Nurnberg",23.2,1.44,"1. Bundesliga",2012,42,10,0.364643113587909
"274","Augsburg",25.2,1.09,"1. Bundesliga",2012,38,14,0.0861776962410524
"275","Paris SG",25.5,6.37,"Ligue 1",2012,79,2,1.85159946958407
"276","Lyon",22.6,4.38,"Ligue 1",2012,64,4,1.47704872438835
"277","Marseille",25.1,5.19,"Ligue 1",2012,48,10,1.6467336971778
"278","Lille",25.4,4.58,"Ligue 1",2012,74,3,1.52169899812609
"279","Rennes",22.9,2.95,"Ligue 1",2012,60,6,1.08180517035173
"280","Bordeaux",24.2,2.96,"Ligue 1",2012,61,5,1.08518926833597
"281","St Etienne",24.4,2.19,"Ligue 1",2012,57,7,0.783901543828409
"282","Toulouse",22,2.25,"Ligue 1",2012,56,8,0.810930216216329
"283","Sochaux",22.6,1.65,"Ligue 1",2012,42,14,0.500775287912489
"284","Nancy",24.4,1.47,"Ligue 1",2012,45,11,0.385262400790645
"285","Nice",24.1,1.54,"Ligue 1",2012,42,13,0.431782416425538
"286","Lorient",24.1,1.4,"Ligue 1",2012,39,17,0.336472236621213
"287","Montpellier",24.7,1.62,"Ligue 1",2012,82,1,0.482426149244293
"288","Valenciennes",23.6,1.35,"Ligue 1",2012,43,12,0.300104592450338
"289","Auxerre",23.1,1.14,"Ligue 1",2012,34,20,0.131028262406404
"290","Brest",25.9,1.24,"Ligue 1",2012,41,16,0.215111379616945
"291","Evian Thonon Gaillard",26.2,1.09,"Ligue 1",2012,50,9,0.0861776962410524
"292","Ajaccio",25.4,0.845,"Ligue 1",2012,41,15,-0.168418651624963
"293","Caen",24.5,0.955,"Ligue 1",2012,38,18,-0.0460439385014068
"294","Dijon",24.1,0.736,"Ligue 1",2012,36,19,-0.306525160253261
"295","Man City",24,13.43,"Premier League",2013,78,2,2.59749101053515
"296","Man United",24.1,12.35,"Premier League",2013,89,1,2.51365606307399
"297","Chelsea",25.3,13.18,"Premier League",2013,75,3,2.57870052907436
"298","Tottenham",25.1,8.84,"Premier League",2013,72,5,2.17928687664955
"299","Arsenal",23.8,8.16,"Premier League",2013,73,4,2.09924416897602
"300","Liverpool",22.8,7.25,"Premier League",2013,61,7,1.98100146886658
"301","Newcastle",24.1,5.28,"Premier League",2013,41,14,1.66392609771817
"302","QPR",28.1,4.55,"Premier League",2013,25,20,1.51512723296286
"303","Sunderland",25.4,4.1,"Premier League",2013,39,17,1.41098697371026
"304","Everton",25.6,4.8,"Premier League",2013,63,6,1.56861591791385
"305","Fulham",26.9,3.47,"Premier League",2013,43,12,1.24415459395877
"306","West Ham",25.1,3.37,"Premier League",2013,46,9,1.21491274436427
"307","Aston Villa",24.1,3.26,"Premier League",2013,41,15,1.18172719537862
"308","Stoke",27.6,3.42,"Premier League",2013,42,13,1.22964055107451
"309","Swansea",25.9,3.03,"Premier League",2013,46,10,1.10856261952128
"310","West Brom",25.7,2.86,"Premier League",2013,49,8,1.05082162483176
"311","Wigan",25,2.33,"Premier League",2013,36,18,0.845868267577609
"312","Norwich",25.3,2.08,"Premier League",2013,44,11,0.732367893713227
"313","Southampton",24.3,1.86,"Premier League",2013,41,16,0.62057648772511
"314","Reading",25.6,1.42,"Premier League",2013,28,19,0.350656871613169
"315","Barcelona",25.2,23,"LaLiga",2013,100,1,3.13549421592915
"316","Real Madrid",24.5,17.98,"LaLiga",2013,85,2,2.88926002904347
"317","Ath Madrid",24.3,6.57,"LaLiga",2013,76,3,1.88251383249652
"318","Valencia",24.6,6.34,"LaLiga",2013,65,5,1.84687876844913
"319","Sevilla",24.3,4.33,"LaLiga",2013,50,9,1.4655675420144
"320","Ath Bilbao",23.2,4.06,"LaLiga",2013,45,12,1.40118297361364
"321","Malaga",25.8,3.37,"LaLiga",2013,57,6,1.21491274436427
"322","Granada",26.2,2.68,"LaLiga",2013,42,15,0.985816794522765
"323","Getafe",26,2.53,"LaLiga",2013,47,10,0.928219302739429
"324","Sociedad",24.7,3.14,"LaLiga",2013,66,4,1.14422279992016
"325","Mallorca",24.5,1.87,"LaLiga",2013,36,18,0.625938430866495
"326","La Coruna",27.7,2.04,"LaLiga",2013,35,19,0.712949807856125
"327","Espanol",24.9,2.18,"LaLiga",2013,44,13,0.779324876800998
"328","Betis",24.8,1.56,"LaLiga",2013,56,7,0.444685821261446
"329","Zaragoza",25.1,1.47,"LaLiga",2013,34,20,0.385262400790645
"330","Osasuna",26.9,1.55,"LaLiga",2013,39,16,0.438254930931155
"331","Levante",26.9,1.51,"LaLiga",2013,46,11,0.412109650826833
"332","Vallecano",25.9,1.23,"LaLiga",2013,53,8,0.207014169384326
"333","Celta",25.4,1.27,"LaLiga",2013,37,17,0.2390169004705
"334","Valladolid",25.8,0.994,"LaLiga",2013,43,14,-0.00601807232556302
"335","Juventus",25.3,7.72,"Serie A",2013,87,1,2.04381436403668
"336","Milan",24.6,6.46,"Serie A",2013,72,3,1.86562931779451
"337","Inter",23.3,4.83,"Serie A",2013,54,9,1.57484646766448
"338","Napoli",25.2,5.53,"Serie A",2013,78,2,1.71018781553424
"339","Fiorentina",24.2,4.35,"Serie A",2013,70,4,1.47017584510059
"340","Roma",23.6,4.27,"Serie A",2013,62,6,1.45161382724053
"341","Lazio",23.9,2.34,"Serie A",2013,61,7,0.85015092936961
"342","Genoa",25.5,2.57,"Serie A",2013,38,17,0.943905898907128
"343","Udinese",22.3,2.21,"Serie A",2013,66,5,0.792992515529661
"344","Palermo",24.2,1.82,"Serie A",2013,32,19,0.598836501088704
"345","Bologna",23.6,1.66,"Serie A",2013,44,13,0.506817602368452
"346","Atalanta",26.7,1.76,"Serie A",2013,42,15,0.56531380905006
"347","Parma",24.6,1.77,"Serie A",2013,49,10,0.570979546585738
"348","Sampdoria",24.4,1.87,"Serie A",2013,43,14,0.625938430866495
"349","Cagliari",23,1.91,"Serie A",2013,47,11,0.647103242058538
"350","Chievo",25.9,1.26,"Serie A",2013,45,12,0.231111720963387
"351","Torino",24.8,1.43,"Serie A",2013,40,16,0.357674444271816
"352","Catania",24.4,1.42,"Serie A",2013,56,8,0.350656871613169
"353","Siena",26.3,1.06,"Serie A",2013,36,18,0.0582689081239758
"354","Pescara",23.5,0.879,"Serie A",2013,22,20,-0.12897038129696
"355","Bayern Munich",24.5,14.55,"1. Bundesliga",2013,91,1,2.6775909936175
"356","Dortmund",23.3,7.85,"1. Bundesliga",2013,66,2,2.06051353179432
"357","Schalke 04",24.3,6.11,"1. Bundesliga",2013,55,4,1.8099267731835
"358","Wolfsburg",25,3.54,"1. Bundesliga",2013,43,12,1.26412672714568
"359","Leverkusen",22.8,3.62,"1. Bundesliga",2013,65,3,1.28647402583768
"360","Hamburg",24.4,3.95,"1. Bundesliga",2013,48,7,1.37371557891303
"361","Stuttgart",24.6,3.19,"1. Bundesliga",2013,43,11,1.16002091679675
"362","Hannover",24.9,2.75,"1. Bundesliga",2013,45,9,1.01160091167848
"363","Hoffenheim",22.8,2.02,"1. Bundesliga",2013,31,16,0.703097511413113
"364","M'gladbach",23.7,3,"1. Bundesliga",2013,47,8,1.09861228866811
"365","Werder Bremen",22.5,2.48,"1. Bundesliga",2013,34,14,0.908258560176891
"366","Ein Frankfurt",24.4,1.65,"1. Bundesliga",2013,51,5,0.500775287912489
"367","Mainz",25.5,1.64,"1. Bundesliga",2013,42,13,0.494696241836107
"368","Augsburg",25.4,1.52,"1. Bundesliga",2013,33,15,0.418710334858185
"369","Freiburg",23.1,1.47,"1. Bundesliga",2013,51,6,0.385262400790645
"370","Nurnberg",23.4,1.42,"1. Bundesliga",2013,44,10,0.350656871613169
"371","Greuther Furth",23.8,0.921,"1. Bundesliga",2013,21,18,-0.0822952427268302
"372","Fortuna Dusseldorf",24.9,0.934,"1. Bundesliga",2013,30,17,-0.0682788407532944
"373","Paris SG",26.2,10.09,"Ligue 1",2013,83,1,2.31154483436552
"374","Lyon",23.8,3.71,"Ligue 1",2013,67,3,1.31103187661934
"375","Marseille",24.1,4.08,"Ligue 1",2013,71,2,1.40609698841607
"376","Lille",25.5,3.9,"Ligue 1",2013,62,6,1.3609765531356
"377","Rennes",23.3,3.08,"Ligue 1",2013,46,13,1.12492959698548
"378","Montpellier",24.9,2.61,"Ligue 1",2013,52,9,0.959350221334602
"379","St Etienne",24.2,2.76,"Ligue 1",2013,63,5,1.01523067972906
"380","Bordeaux",25.1,2.63,"Ligue 1",2013,55,7,0.966983846189673
"381","Toulouse",23.1,2.63,"Ligue 1",2013,51,10,0.966983846189673
"382","Lorient",24.9,1.69,"Ligue 1",2013,53,8,0.524728528934982
"383","Valenciennes",24.8,1.55,"Ligue 1",2013,48,11,0.438254930931155
"384","Sochaux",23.6,1.46,"Ligue 1",2013,41,16,0.378436435720245
"385","Nice",22.7,1.17,"Ligue 1",2013,64,4,0.157003748809665
"386","Evian Thonon Gaillard",26.1,1.24,"Ligue 1",2013,40,17,0.215111379616945
"387","Ajaccio",26.3,1.25,"Ligue 1",2013,42,15,0.22314355131421
"388","Brest",24.7,1.08,"Ligue 1",2013,29,20,0.0769610411361284
"389","Nancy",22.7,1.01,"Ligue 1",2013,38,18,0.00995033085316809
"390","Bastia",25.6,1.02,"Ligue 1",2013,47,12,0.0198026272961797
"391","Reims",24.9,0.774,"Ligue 1",2013,43,14,-0.25618340539241
"392","Troyes",25.2,0.665,"Ligue 1",2013,37,19,-0.407968238326283
"393","Chelsea",23.8,12.15,"Premier League",2014,82,3,2.49732916978656
"394","Man United",24.9,15.05,"Premier League",2014,64,7,2.71137799119488
"395","Man City",25.7,17.74,"Premier League",2014,86,1,2.87582197688143
"396","Arsenal",23.8,8.99,"Premier League",2014,79,4,2.19611284848353
"397","Tottenham",23.4,8.22,"Premier League",2014,69,6,2.10657020906809
"398","Liverpool",23.8,8.79,"Premier League",2014,84,2,2.17361471169709
"399","Everton",25.9,7.25,"Premier League",2014,72,5,1.98100146886658
"400","Newcastle",24.4,5.72,"Premier League",2014,49,10,1.74396880539171
"401","Sunderland",24.9,4.09,"Premier League",2014,38,14,1.40854497005471
"402","Fulham",25.4,3.37,"Premier League",2014,32,19,1.21491274436427
"403","West Ham",25.3,3.05,"Premier League",2014,40,13,1.11514159061932
"404","Stoke",26.1,4.34,"Premier League",2014,50,9,1.46787434811231
"405","Swansea",25.5,3.83,"Premier League",2014,42,12,1.34286480319255
"406","Aston Villa",24,3.42,"Premier League",2014,38,15,1.22964055107451
"407","Southampton",23.9,3.31,"Premier League",2014,56,8,1.19694818938897
"408","Norwich",26.2,3.3,"Premier League",2014,33,18,1.19392246847243
"409","Cardiff",24.6,2.37,"Premier League",2014,30,20,0.86288995514704
"410","West Brom",26.6,3.07,"Premier League",2014,36,17,1.12167756159911
"411","Hull",26.4,2.12,"Premier League",2014,37,16,0.751416088683921
"412","Crystal Palace",26.2,1.57,"Premier League",2014,45,11,0.451075619360217
"413","Barcelona",24.8,19.39,"LaLiga",2014,87,2,2.96475746925456
"414","Real Madrid",24,17.84,"LaLiga",2014,87,3,2.88144312715186
"415","Ath Madrid",23.9,7.28,"LaLiga",2014,90,1,1.98513086220859
"416","Valencia",24.3,4.88,"LaLiga",2014,49,8,1.58514521986506
"417","Sevilla",23.8,3.42,"LaLiga",2014,63,5,1.22964055107451
"418","Sociedad",24.7,3.63,"LaLiga",2014,59,6,1.28923264827676
"419","Ath Bilbao",24.7,3.97,"LaLiga",2014,70,4,1.3787660946991
"420","Granada",24.6,1.77,"LaLiga",2014,41,15,0.570979546585738
"421","Betis",23.7,1.6,"LaLiga",2014,25,20,0.470003629245736
"422","Getafe",26,2.03,"LaLiga",2014,42,13,0.708035793053696
"423","Malaga",25,2.09,"LaLiga",2014,45,11,0.73716406597672
"424","Villarreal",23.5,2.24,"LaLiga",2014,59,7,0.806475865866949
"425","Celta",24.7,1.81,"LaLiga",2014,49,9,0.593326845277734
"426","Espanol",24.6,1.99,"LaLiga",2014,42,14,0.688134638736401
"427","Elche",25.7,1.52,"LaLiga",2014,40,17,0.418710334858185
"428","Levante",26.7,1.38,"LaLiga",2014,48,10,0.322083499169113
"429","Osasuna",25.9,1.43,"LaLiga",2014,39,18,0.357674444271816
"430","Vallecano",24.5,1.37,"LaLiga",2014,43,12,0.314810739840034
"431","Valladolid",26.7,1.57,"LaLiga",2014,36,19,0.451075619360217
"432","Almeria",25.7,1.09,"LaLiga",2014,40,16,0.0861776962410524
"433","Juventus",24.6,8.39,"Serie A",2014,102,1,2.12704052047911
"434","Milan",24.4,6.27,"Serie A",2014,57,8,1.83577635464483
"435","Inter",23.3,4.38,"Serie A",2014,60,5,1.47704872438835
"436","Napoli",25.8,6.76,"Serie A",2014,78,3,1.91102289005487
"437","Fiorentina",24.3,3.98,"Serie A",2014,65,4,1.38128181929635
"438","Roma",22.9,3.64,"Serie A",2014,85,2,1.29198368164865
"439","Lazio",24,2.99,"Serie A",2014,56,9,1.0952733874026
"440","Udinese",22.7,1.91,"Serie A",2014,44,14,0.647103242058538
"441","Genoa",23.4,1.58,"Serie A",2014,44,13,0.457424847038875
"442","Parma",24.3,1.97,"Serie A",2014,58,6,0.678033542749897
"443","Catania",23.3,1.65,"Serie A",2014,32,18,0.500775287912489
"444","Sassuolo",24,1.49,"Serie A",2014,34,17,0.398776119957368
"445","Sampdoria",23.5,1.43,"Serie A",2014,45,12,0.357674444271816
"446","Cagliari",23.9,2.24,"Serie A",2014,39,15,0.806475865866949
"447","Chievo",24,1.03,"Serie A",2014,36,16,0.0295588022415444
"448","Atalanta",24.1,1.17,"Serie A",2014,50,11,0.157003748809665
"449","Bologna",23.6,1.01,"Serie A",2014,29,19,0.00995033085316809
"450","Livorno",23.9,1.31,"Serie A",2014,25,20,0.27002713721306
"451","Torino",24.4,1.41,"Serie A",2014,57,7,0.343589704390077
"452","Verona",24.5,1.06,"Serie A",2014,54,10,0.0582689081239758
"453","Bayern Munich",24.1,16.13,"1. Bundesliga",2014,90,1,2.78068089213712
"454","Dortmund",23.7,9.2,"1. Bundesliga",2014,71,2,2.21920348405499
"455","Schalke 04",24.1,5.67,"1. Bundesliga",2014,64,3,1.73518911773966
"456","Leverkusen",23.5,4.3,"1. Bundesliga",2014,61,4,1.45861502269952
"457","Wolfsburg",24.2,3.85,"1. Bundesliga",2014,60,5,1.34807314829969
"458","Hamburg",24.1,3.38,"1. Bundesliga",2014,27,16,1.21787570949493
"459","Stuttgart",24.4,3.16,"1. Bundesliga",2014,32,15,1.15057202759882
"460","M'gladbach",24,3.38,"1. Bundesliga",2014,55,6,1.21787570949493
"461","Ein Frankfurt",23.7,2.57,"1. Bundesliga",2014,36,13,0.943905898907128
"462","Hannover",24.2,2.39,"1. Bundesliga",2014,42,10,0.871293365943419
"463","Hoffenheim",22.7,1.79,"1. Bundesliga",2014,44,9,0.582215619852664
"464","Werder Bremen",22.8,1.96,"1. Bundesliga",2014,39,12,0.672944473242426
"465","Freiburg",22.9,1.96,"1. Bundesliga",2014,36,14,0.672944473242426
"466","Nurnberg",23.4,1.53,"1. Bundesliga",2014,26,17,0.425267735404344
"467","Hertha",25,1.44,"1. Bundesliga",2014,41,11,0.364643113587909
"468","Mainz",25.7,1.46,"1. Bundesliga",2014,53,7,0.378436435720245
"469","Augsburg",24.1,1.28,"1. Bundesliga",2014,52,8,0.246860077931526
"470","Braunschweig",25.2,0.925,"1. Bundesliga",2014,25,18,-0.0779615414697118
"471","Paris SG",24,11.59,"Ligue 1",2014,89,1,2.45014265735166
"472","Monaco",24.3,5.32,"Ligue 1",2014,80,2,1.67147330335355
"473","Marseille",24.5,4.25,"Ligue 1",2014,60,6,1.44691898293633
"474","Lyon",23.2,3.12,"Ligue 1",2014,61,5,1.13783300182139
"475","St Etienne",24.3,3.11,"Ligue 1",2014,69,4,1.13462272619114
"476","Rennes",23.3,2.59,"Ligue 1",2014,46,12,0.951657875711446
"477","Lille",24.5,2.43,"Ligue 1",2014,71,3,0.887891257352457
"478","Bordeaux",24.9,1.81,"Ligue 1",2014,53,7,0.593326845277734
"479","Toulouse",22.8,1.56,"Ligue 1",2014,49,9,0.444685821261446
"480","Sochaux",23.3,1.36,"Ligue 1",2014,40,18,0.307484699747961
"481","Nice",22.2,1.46,"Ligue 1",2014,42,17,0.378436435720245
"482","Montpellier",24.1,1.83,"Ligue 1",2014,42,15,0.60431596685333
"483","Lorient",23.2,1.45,"Ligue 1",2014,49,10,0.371563556432483
"484","Valenciennes",24.9,1.26,"Ligue 1",2014,29,19,0.231111720963387
"485","Bastia",25.5,1.2,"Ligue 1",2014,46,13,0.182321556793955
"486","Evian Thonon Gaillard",24.9,1.03,"Ligue 1",2014,44,14,0.0295588022415444
"487","Reims",24.2,0.982,"Ligue 1",2014,48,11,-0.0181639706276712
"488","Ajaccio",24.5,0.839,"Ligue 1",2014,23,20,-0.175544572514931
"489","Nantes",24.3,0.872,"Ligue 1",2014,49,8,-0.136965855073157
"490","Guingamp",25.6,0.607,"Ligue 1",2014,42,16,-0.499226487922639
"491","Chelsea",23.9,13.84,"Premier League",2015,87,1,2.62756295018952
"492","Man United",23.9,12.15,"Premier League",2015,70,4,2.49732916978656
"493","Man City",25.4,13.28,"Premier League",2015,79,2,2.58625914404829
"494","Arsenal",23,9.63,"Premier League",2015,75,3,2.26488322581003
"495","Tottenham",23.7,7.1,"Premier League",2015,64,5,1.96009478404727
"496","Liverpool",23.4,8.14,"Premier League",2015,62,6,2.09679018001445
"497","Everton",24.3,4.44,"Premier League",2015,47,12,1.49065437644413
"498","Southampton",23.5,4.06,"Premier League",2015,60,7,1.40118297361364
"499","Newcastle",22.9,3.33,"Premier League",2015,39,15,1.20297230399235
"500","Stoke",26.4,4.3,"Premier League",2015,54,9,1.45861502269952
"501","Aston Villa",24.3,3.34,"Premier League",2015,38,16,1.20597080698861
"502","West Ham",24.8,3.42,"Premier League",2015,47,11,1.22964055107451
"503","Hull",26.1,3.49,"Premier League",2015,35,18,1.24990173621434
"504","Sunderland",24.8,3.39,"Premier League",2015,38,17,1.22082992139236
"505","QPR",25.1,2.81,"Premier League",2015,30,20,1.03318448334565
"506","Swansea",24.3,2.99,"Premier League",2015,56,8,1.0952733874026
"507","West Brom",25.5,2.96,"Premier League",2015,44,13,1.08518926833597
"508","Crystal Palace",26,2.13,"Premier League",2015,48,10,0.756121979721334
"509","Leicester",25.9,1.51,"Premier League",2015,41,14,0.412109650826833
"510","Burnley",25.5,1.23,"Premier League",2015,33,19,0.207014169384326
"511","Real Madrid",23.3,15.8,"LaLiga",2015,92,2,2.76000994003292
"512","Barcelona",24.4,19.3,"LaLiga",2015,94,1,2.96010509591084
"513","Ath Madrid",24.7,9.03,"LaLiga",2015,78,3,2.20055236742889
"514","Valencia",23.1,5.28,"LaLiga",2015,77,4,1.66392609771817
"515","Sevilla",24.7,3.61,"LaLiga",2015,76,5,1.28370777234479
"516","Ath Bilbao",25.2,4.09,"LaLiga",2015,55,7,1.40854497005471
"517","Sociedad",24.6,3.58,"LaLiga",2015,46,12,1.27536280041261
"518","Villarreal",23.1,2.39,"LaLiga",2015,60,6,0.871293365943419
"519","Malaga",25.6,2.08,"LaLiga",2015,50,9,0.732367893713227
"520","Granada",24.4,1.56,"LaLiga",2015,35,16,0.444685821261446
"521","Espanol",24.6,1.78,"LaLiga",2015,49,11,0.576613364303994
"522","Vallecano",25.7,1.81,"LaLiga",2015,49,10,0.593326845277734
"523","La Coruna",25.5,1.47,"LaLiga",2015,35,18,0.385262400790645
"524","Getafe",25.1,1.42,"LaLiga",2015,37,15,0.350656871613169
"525","Levante",26.8,1.52,"LaLiga",2015,37,14,0.418710334858185
"526","Cordoba",24.8,1.24,"LaLiga",2015,20,20,0.215111379616945
"527","Celta",23.3,1.41,"LaLiga",2015,51,8,0.343589704390077
"528","Elche",24.7,1.08,"LaLiga",2015,41,13,0.0769610411361284
"529","Almeria",24.1,0.81,"LaLiga",2015,32,19,-0.210721031315653
"530","Eibar",27.3,0.844,"LaLiga",2015,35,17,-0.16960278438618
"531","Juventus",26,10.22,"Serie A",2015,87,1,2.32434658477556
"532","Inter",23.5,7.08,"Serie A",2015,55,8,1.95727390770563
"533","Milan",24.3,6.49,"Serie A",2015,52,10,1.870262530716
"534","Napoli",25.7,8.32,"Serie A",2015,63,5,2.11866225483312
"535","Roma",24.9,6.06,"Serie A",2015,70,2,1.80170980008122
"536","Fiorentina",24.9,4.97,"Serie A",2015,64,4,1.60341984010854
"537","Lazio",25.3,4.13,"Serie A",2015,69,3,1.41827740697294
"538","Sampdoria",24.6,2.81,"Serie A",2015,56,7,1.03318448334565
"539","Genoa",24.1,2.36,"Serie A",2015,59,6,0.858661619037519
"540","Udinese",22.9,2.01,"Serie A",2015,41,16,0.698134722070984
"541","Parma",24.2,1.72,"Serie A",2015,26,19,0.542324290825362
"542","Sassuolo",25.3,2.18,"Serie A",2015,49,12,0.779324876800998
"543","Torino",25,1.88,"Serie A",2015,54,9,0.631271776841858
"544","Atalanta",25.9,1.89,"Serie A",2015,37,17,0.636576829071551
"545","Chievo",26.6,1.7,"Serie A",2015,43,14,0.53062825106217
"546","Cagliari",23.6,1.81,"Serie A",2015,34,18,0.593326845277734
"547","Palermo",23.9,1.35,"Serie A",2015,49,11,0.300104592450338
"548","Verona",25.4,1.2,"Serie A",2015,46,13,0.182321556793955
"549","Empoli",22.8,0.891,"Serie A",2015,42,15,-0.115410851511328
"550","Cesena",24.9,0.962,"Serie A",2015,24,20,-0.0387408283164306
"551","Bayern Munich",24.6,17.1,"1. Bundesliga",2015,79,1,2.83907846350861
"552","Dortmund",23.7,8.91,"1. Bundesliga",2015,46,7,2.18717424148272
"553","Schalke 04",23,5.93,"1. Bundesliga",2015,48,6,1.78002421300963
"554","Wolfsburg",24.9,5.87,"1. Bundesliga",2015,69,2,1.76985463384001
"555","Leverkusen",23.9,6.41,"1. Bundesliga",2015,61,4,1.85785927093258
"556","Hamburg",24.2,3.03,"1. Bundesliga",2015,35,16,1.10856261952128
"557","M'gladbach",24.9,3.98,"1. Bundesliga",2015,66,3,1.38128181929635
"558","Hoffenheim",23.4,3.33,"1. Bundesliga",2015,44,8,1.20297230399235
"559","Stuttgart",23.7,3.26,"1. Bundesliga",2015,36,14,1.18172719537862
"560","Hannover",24.6,2.23,"1. Bundesliga",2015,37,13,0.802001585472027
"561","Mainz",23.9,2.14,"1. Bundesliga",2015,40,12,0.76080582903376
"562","Hertha",25.3,2.55,"1. Bundesliga",2015,35,15,0.936093359170335
"563","Ein Frankfurt",24.1,2.47,"1. Bundesliga",2015,43,9,0.904218150639886
"564","Werder Bremen",22.9,1.63,"1. Bundesliga",2015,43,10,0.488580014818671
"565","Freiburg",24.1,1.9,"1. Bundesliga",2015,34,17,0.641853886172395
"566","FC Koln",24.4,1.6,"1. Bundesliga",2015,40,11,0.470003629245736
"567","Augsburg",24.6,1.21,"1. Bundesliga",2015,49,5,0.19062035960865
"568","Paderborn",25.2,0.802,"1. Bundesliga",2015,31,18,-0.220646671115623
"569","Paris SG",24.3,12.06,"Ligue 1",2015,83,1,2.48989419129904
"570","Monaco",23.1,5.73,"Ligue 1",2015,71,3,1.74571553072665
"571","Marseille",22.3,4.25,"Ligue 1",2015,69,4,1.44691898293633
"572","Lyon",23.4,3,"Ligue 1",2015,75,2,1.09861228866811
"573","St Etienne",24.4,2.74,"Ligue 1",2015,69,5,1.00795792039998
"574","Lille",24.3,2.44,"Ligue 1",2015,56,7,0.89199803930511
"575","Bordeaux",22.8,1.62,"Ligue 1",2015,63,6,0.482426149244293
"576","Rennes",24,2.05,"Ligue 1",2015,50,9,0.717839793150317
"577","Lorient",23.7,1.34,"Ligue 1",2015,43,16,0.29266961396282
"578","Toulouse",22.8,1.43,"Ligue 1",2015,42,17,0.357674444271816
"579","Nice",22.4,1.32,"Ligue 1",2015,48,11,0.27763173659828
"580","Reims",24.8,1.32,"Ligue 1",2015,44,15,0.27763173659828
"581","Montpellier",24.2,1.15,"Ligue 1",2015,56,8,0.139761942375159
"582","Evian Thonon Gaillard",26,1.16,"Ligue 1",2015,37,18,0.148420005118273
"583","Bastia",23.6,0.774,"Ligue 1",2015,47,12,-0.25618340539241
"584","Nantes",24,1.04,"Ligue 1",2015,45,14,0.0392207131532813
"585","Guingamp",25.8,0.938,"Ligue 1",2015,49,10,-0.0640053299759124
"586","Metz",24.5,0.675,"Ligue 1",2015,30,19,-0.393042588109607
"587","Caen",26.1,0.711,"Ligue 1",2015,46,13,-0.341082849178896
"588","Lens",23.4,0.474,"Ligue 1",2015,29,20,-0.746547957287061
"589","Chelsea",23.7,14.5,"Premier League",2016,50,10,2.67414864942653
"590","Man City",24.4,11.91,"Premier League",2016,66,5,2.47737838336721
"591","Arsenal",23.7,9.97,"Premier League",2016,71,2,2.29958058397375
"592","Man United",22.5,8.5,"Premier League",2016,66,4,2.14006616349627
"593","Liverpool",22.5,7.39,"Premier League",2016,60,8,2.00012773496011
"594","Tottenham",22.7,8.19,"Premier League",2016,70,3,2.10291389786498
"595","Everton",24.7,5.23,"Premier League",2016,47,11,1.65441127807683
"596","Newcastle",23.6,4.78,"Premier League",2016,37,18,1.56444054650336
"597","Southampton",24.1,5.36,"Premier League",2016,63,6,1.67896397508271
"598","West Ham",23.2,3.7,"Premier League",2016,62,7,1.30833281965018
"599","Swansea",24.8,3.84,"Premier League",2016,47,12,1.34547236659964
"600","Sunderland",25.5,3.05,"Premier League",2016,39,17,1.11514159061932
"601","Stoke",26.3,4.1,"Premier League",2016,51,9,1.41098697371026
"602","Crystal Palace",25.6,3.18,"Premier League",2016,42,16,1.15688119679209
"603","West Brom",25.4,3.34,"Premier League",2016,43,14,1.20597080698861
"604","Aston Villa",23.5,2.55,"Premier League",2016,17,20,0.936093359170335
"605","Watford",26.4,2.82,"Premier League",2016,45,13,1.03673688495002
"606","Norwich",25.6,2.53,"Premier League",2016,34,19,0.928219302739429
"607","Leicester",25.9,2.61,"Premier League",2016,81,1,0.959350221334602
"608","Bournemouth",24.1,1.39,"Premier League",2016,42,15,0.3293037471426
"609","Real Madrid",23.8,23.35,"LaLiga",2016,90,2,3.15059698411491
"610","Barcelona",24.9,19.33,"LaLiga",2016,91,1,2.96165829322024
"611","Ath Madrid",24.4,11.2,"LaLiga",2016,88,3,2.41591377830105
"612","Valencia",22.7,6.7,"LaLiga",2016,44,12,1.90210752639692
"613","Sevilla",24.8,4.91,"LaLiga",2016,52,7,1.59127394180643
"614","Ath Bilbao",26,4.39,"LaLiga",2016,62,5,1.47932922708708
"615","Sociedad",24.6,3.82,"LaLiga",2016,48,9,1.34025042261848
"616","Villarreal",24.4,4.12,"LaLiga",2016,64,4,1.41585316336144
"617","Malaga",26,2.37,"LaLiga",2016,48,8,0.86288995514704
"618","Granada",24.9,2.22,"LaLiga",2016,39,17,0.797507195884188
"619","Betis",25.9,2.2,"LaLiga",2016,45,10,0.78845736036427
"620","Levante",26.3,2.2,"LaLiga",2016,32,20,0.78845736036427
"621","Celta",23.6,2.28,"LaLiga",2016,60,6,0.824175442966349
"622","Espanol",24.1,1.87,"LaLiga",2016,43,13,0.625938430866495
"623","Getafe",24.7,1.78,"LaLiga",2016,36,19,0.576613364303994
"624","Vallecano",27,1.54,"LaLiga",2016,38,18,0.431782416425538
"625","La Coruna",27.4,1.71,"LaLiga",2016,42,15,0.536493370514568
"626","Eibar",24.8,1.31,"LaLiga",2016,43,14,0.27002713721306
"627","Sp Gijon",23.8,1.05,"LaLiga",2016,39,16,0.048790164169432
"628","Las Palmas",26.2,0.886,"LaLiga",2016,44,11,-0.121038328377056
"629","Juventus",24.9,10.95,"Serie A",2016,91,1,2.39333945626251
"630","Roma",23.7,6.65,"Serie A",2016,80,3,1.89461685466776
"631","Inter",24.2,7.09,"Serie A",2016,67,4,1.95868534054404
"632","Napoli",24.9,7.91,"Serie A",2016,82,2,2.06812778177956
"633","Milan",25.5,6.3,"Serie A",2016,57,7,1.84054963339749
"634","Lazio",24.7,4.55,"Serie A",2016,54,8,1.51512723296286
"635","Fiorentina",25.1,4.43,"Serie A",2016,64,5,1.48839958405704
"636","Sampdoria",25,3.17,"Serie A",2016,40,15,1.15373158788919
"637","Genoa",23.3,2.66,"Serie A",2016,46,11,0.978326122793608
"638","Udinese",25.3,2.29,"Serie A",2016,39,17,0.828551817566148
"639","Torino",24.7,2.11,"Serie A",2016,45,13,0.746687947487975
"640","Bologna",24.8,1.95,"Serie A",2016,42,14,0.667829372575655
"641","Sassuolo",23.7,1.99,"Serie A",2016,61,6,0.688134638736401
"642","Atalanta",25.8,1.76,"Serie A",2016,45,12,0.56531380905006
"643","Carpi",24.9,1.6,"Serie A",2016,38,18,0.470003629245736
"644","Palermo",23.5,1.56,"Serie A",2016,39,16,0.444685821261446
"645","Verona",24.9,1.4,"Serie A",2016,28,20,0.336472236621213
"646","Chievo",26.6,1.16,"Serie A",2016,50,9,0.148420005118273
"647","Frosinone",25.2,1.23,"Serie A",2016,31,19,0.207014169384326
"648","Empoli",23.1,0.994,"Serie A",2016,46,10,-0.00601807232556302
"649","Bayern Munich",24.9,17.9,"1. Bundesliga",2016,88,1,2.88480071284671
"650","Dortmund",23.9,10.39,"1. Bundesliga",2016,78,2,2.34084380511114
"651","Wolfsburg",24.5,7.58,"1. Bundesliga",2016,45,8,2.02551319965428
"652","Schalke 04",23.9,6.54,"1. Bundesliga",2016,52,5,1.87793716546911
"653","Leverkusen",23.2,6.08,"1. Bundesliga",2016,60,3,1.80500469597808
"654","M'gladbach",24.4,4.81,"1. Bundesliga",2016,55,4,1.57069708411767
"655","Hoffenheim",23.8,3.59,"1. Bundesliga",2016,37,15,1.27815220250019
"656","Ein Frankfurt",23.9,2.5,"1. Bundesliga",2016,36,16,0.916290731874155
"657","Stuttgart",23.8,2.43,"1. Bundesliga",2016,33,17,0.887891257352457
"658","Hamburg",24.8,2.12,"1. Bundesliga",2016,41,10,0.751416088683921
"659","Hannover",23.5,1.89,"1. Bundesliga",2016,25,18,0.636576829071551
"660","Hertha",24.3,2.14,"1. Bundesliga",2016,50,7,0.76080582903376
"661","Mainz",24.3,1.73,"1. Bundesliga",2016,50,6,0.548121408509688
"662","Augsburg",24.9,1.6,"1. Bundesliga",2016,38,12,0.470003629245736
"663","Werder Bremen",23.6,1.53,"1. Bundesliga",2016,38,14,0.425267735404344
"664","FC Koln",24,2.08,"1. Bundesliga",2016,43,9,0.732367893713227
"665","Ingolstadt",24.2,0.841,"1. Bundesliga",2016,40,11,-0.173163619009189
"666","Darmstadt",26.3,0.66,"1. Bundesliga",2016,38,13,-0.415515443961666
"667","Paris SG",23.9,12.38,"Ligue 1",2016,96,1,2.51608226725645
"668","Lyon",24,5.2,"Ligue 1",2016,65,2,1.64865862558738
"669","Monaco",22.3,3.92,"Ligue 1",2016,65,3,1.36609165380237
"670","Marseille",22.9,3.79,"Ligue 1",2016,48,13,1.33236601909433
"671","St Etienne",24.1,2.39,"Ligue 1",2016,58,6,0.871293365943419
"672","Bordeaux",22.5,1.92,"Ligue 1",2016,50,10,0.65232518603969
"673","Rennes",23.7,2.08,"Ligue 1",2016,52,8,0.732367893713227
"674","Lille",24.6,1.93,"Ligue 1",2016,60,5,0.657520002916794
"675","Nice",22.4,1.42,"Ligue 1",2016,63,4,0.350656871613169
"676","Lorient",23.7,1.41,"Ligue 1",2016,46,15,0.343589704390077
"677","Montpellier",24.9,1.46,"Ligue 1",2016,49,12,0.378436435720245
"678","Reims",24.8,1.3,"Ligue 1",2016,39,18,0.262364264467491
"679","Toulouse",23.1,1.28,"Ligue 1",2016,40,17,0.246860077931526
"680","Nantes",23.8,1.16,"Ligue 1",2016,48,14,0.148420005118273
"681","Guingamp",25.9,1.01,"Ligue 1",2016,44,16,0.00995033085316809
"682","Caen",24.6,0.942,"Ligue 1",2016,54,7,-0.059750004405774
"683","Troyes",25.3,0.728,"Ligue 1",2016,18,20,-0.317454230785451
"684","Bastia",24.8,0.673,"Ligue 1",2016,50,9,-0.396009949337409
"685","Angers",26.3,0.606,"Ligue 1",2016,50,11,-0.500875292912823
"686","Ajaccio GFCO",24.8,0.463,"Ligue 1",2016,37,19,-0.770028224895903
"687","Man City",24.7,14.12,"Premier League",2017,78,3,2.6475922320651
"688","Chelsea",23.8,12.31,"Premier League",2017,93,1,2.51041194019636
"689","Man United",23.5,12.7,"Premier League",2017,69,6,2.54160199346455
"690","Arsenal",23.7,12.45,"Premier League",2017,75,5,2.52172062291072
"691","Liverpool",23.4,10.37,"Premier League",2017,76,4,2.33891702224144
"692","Tottenham",22.7,10.14,"Premier League",2017,86,2,2.31648799816304
"693","Everton",24.9,7.29,"Premier League",2017,61,7,1.98650354602057
"694","West Ham",23.7,5.47,"Premier League",2017,45,11,1.69927861643389
"695","Crystal Palace",25.1,4.79,"Premier League",2017,41,14,1.56653041142282
"696","Southampton",24.4,5.95,"Premier League",2017,46,8,1.78339121955754
"697","Stoke",26.1,5.68,"Premier League",2017,44,13,1.73695123273306
"698","Watford",25.8,4.12,"Premier League",2017,40,17,1.41585316336144
"699","Leicester",25.6,5.65,"Premier League",2017,44,12,1.73165554515835
"700","Swansea",25.9,3.71,"Premier League",2017,41,15,1.31103187661934
"701","Hull",25,3.17,"Premier League",2017,34,18,1.15373158788919
"702","Middlesbrough",26.3,3.48,"Premier League",2017,28,19,1.24703229378638
"703","West Brom",26.3,3.84,"Premier League",2017,45,10,1.34547236659964
"704","Sunderland",24.3,2.68,"Premier League",2017,24,20,0.985816794522765
"705","Bournemouth",23.4,2.52,"Premier League",2017,46,9,0.924258901523332
"706","Burnley",25.7,2.27,"Premier League",2017,40,16,0.819779831493311
"707","Barcelona",24.7,21.28,"LaLiga",2017,90,2,3.05776766447344
"708","Real Madrid",24.2,22.52,"LaLiga",2017,93,1,3.11440380327149
"709","Ath Madrid",23.3,9.72,"LaLiga",2017,78,3,2.27418561847235
"710","Valencia",24,7.16,"LaLiga",2017,46,12,1.96850998097255
"711","Sevilla",24.4,5.91,"LaLiga",2017,72,4,1.77664583141801
"712","Villarreal",24.3,4.07,"LaLiga",2017,67,5,1.4036429994545
"713","Ath Bilbao",25.1,4.33,"LaLiga",2017,63,7,1.4655675420144
"714","Sociedad",24.5,3.25,"LaLiga",2017,64,6,1.17865499634165
"715","Celta",24.5,2.98,"LaLiga",2017,45,13,1.09192330051731
"716","La Coruna",25.8,2.51,"LaLiga",2017,36,16,0.920282753143692
"717","Granada",24.1,1.99,"LaLiga",2017,20,20,0.688134638736401
"718","Espanol",25.8,2.42,"LaLiga",2017,56,8,0.883767540168595
"719","Betis",25.4,2.48,"LaLiga",2017,39,14,0.908258560176891
"720","Malaga",25,2.31,"LaLiga",2017,46,11,0.837247524533702
"721","Las Palmas",25.7,1.69,"LaLiga",2017,39,15,0.524728528934982
"722","Eibar",24.3,1.37,"LaLiga",2017,54,10,0.314810739840034
"723","Sp Gijon",24.7,1.53,"LaLiga",2017,31,18,0.425267735404344
"724","Leganes",25.1,1.28,"LaLiga",2017,35,17,0.246860077931526
"725","Alaves",24.4,1.33,"LaLiga",2017,55,9,0.285178942233662
"726","Osasuna",24.5,0.997,"LaLiga",2017,22,19,-0.00300450902029872
"727","Juventus",25.2,11.11,"Serie A",2017,91,1,2.40784560365154
"728","Inter",24.4,7.78,"Serie A",2017,62,7,2.0515563381903
"729","Napoli",24.7,8.21,"Serie A",2017,86,3,2.10535292346434
"730","Roma",22.7,6.07,"Serie A",2017,87,2,1.80335860507141
"731","Milan",24.4,5.73,"Serie A",2017,63,6,1.74571553072665
"732","Fiorentina",23.3,4.58,"Serie A",2017,60,8,1.52169899812609
"733","Lazio",22.8,3.81,"Serie A",2017,70,5,1.33762918913861
"734","Torino",23.2,2.72,"Serie A",2017,53,9,1.00063188030791
"735","Genoa",24.8,2.45,"Serie A",2017,36,16,0.896088024556636
"736","Udinese",23.5,2.39,"Serie A",2017,45,13,0.871293365943419
"737","Sassuolo",23.6,1.98,"Serie A",2017,46,12,0.683096844706444
"738","Sampdoria",23.6,2.14,"Serie A",2017,48,10,0.76080582903376
"739","Bologna",23.6,1.85,"Serie A",2017,41,15,0.615185639090233
"740","Atalanta",24.5,1.82,"Serie A",2017,72,4,0.598836501088704
"741","Cagliari",23.7,1.37,"Serie A",2017,47,11,0.314810739840034
"742","Empoli",23.5,1.39,"Serie A",2017,32,18,0.3293037471426
"743","Chievo",25.3,1.04,"Serie A",2017,43,14,0.0392207131532813
"744","Pescara",23.8,0.889,"Serie A",2017,18,20,-0.117658043468232
"745","Palermo",23.4,1.1,"Serie A",2017,26,19,0.0953101798043249
"746","Crotone",24,0.673,"Serie A",2017,34,17,-0.396009949337409
"747","Bayern Munich",25.1,18.04,"1. Bundesliga",2017,82,1,2.89259151463448
"748","Dortmund",24.2,10.36,"1. Bundesliga",2017,64,3,2.33795223683134
"749","Leverkusen",22.8,6.27,"1. Bundesliga",2017,41,12,1.83577635464483
"750","Schalke 04",23.7,6.12,"1. Bundesliga",2017,43,10,1.81156209652423
"751","Wolfsburg",23.5,5.24,"1. Bundesliga",2017,37,15,1.65632149833295
"752","M'gladbach",23.4,4.72,"1. Bundesliga",2017,45,8,1.55180879959746
"753","Hamburg",23.6,2.5,"1. Bundesliga",2017,38,14,0.916290731874155
"754","Mainz",23.3,2.2,"1. Bundesliga",2017,37,16,0.78845736036427
"755","FC Koln",24.4,2.58,"1. Bundesliga",2017,49,5,0.947789398933526
"756","Hoffenheim",23.5,2.32,"1. Bundesliga",2017,62,4,0.841567185678219
"757","Hertha",24,2.3,"1. Bundesliga",2017,49,6,0.832909122935104
"758","Werder Bremen",24.5,1.83,"1. Bundesliga",2017,45,9,0.60431596685333
"759","RB Leipzig",22.6,2.1,"1. Bundesliga",2017,67,2,0.741937344729377
"760","Augsburg",25.3,1.86,"1. Bundesliga",2017,38,13,0.62057648772511
"761","Ein Frankfurt",23.1,1.89,"1. Bundesliga",2017,42,11,0.636576829071551
"762","Freiburg",24,1.12,"1. Bundesliga",2017,48,7,0.113328685307003
"763","Ingolstadt",23.8,1.15,"1. Bundesliga",2017,32,17,0.139761942375159
"764","Darmstadt",25.7,0.842,"1. Bundesliga",2017,25,18,-0.17197526473981
"765","Paris SG",23.5,12.87,"Ligue 1",2017,87,2,2.55489902160804
"766","Monaco",22.2,4.05,"Ligue 1",2017,95,1,1.39871688111845
"767","Lyon",22.6,5.27,"Ligue 1",2017,67,4,1.66203036255327
"768","Marseille",24.7,3.32,"Ligue 1",2017,62,5,1.1999647829284
"769","St Etienne",23,2.03,"Ligue 1",2017,50,10,0.708035793053696
"770","Bordeaux",23.6,2.24,"Ligue 1",2017,59,6,0.806475865866949
"771","Lille",23.7,1.62,"Ligue 1",2017,46,12,0.482426149244293
"772","Rennes",24.1,1.71,"Ligue 1",2017,50,8,0.536493370514568
"773","Nice",22.5,1.69,"Ligue 1",2017,78,3,0.524728528934982
"774","Lorient",24.1,1.21,"Ligue 1",2017,36,18,0.19062035960865
"775","Toulouse",22.9,1.29,"Ligue 1",2017,44,13,0.254642218373581
"776","Nantes",23.4,1.35,"Ligue 1",2017,51,7,0.300104592450338
"777","Montpellier",24.6,1.03,"Ligue 1",2017,39,15,0.0295588022415444
"778","Bastia",24.1,0.947,"Ligue 1",2017,34,20,-0.0544561857960589
"779","Caen",25.1,0.956,"Ligue 1",2017,37,16,-0.0449973659307358
"780","Angers",25.3,0.951,"Ligue 1",2017,46,11,-0.0502412164367468
"781","Guingamp",25.3,0.949,"Ligue 1",2017,50,9,-0.0523464803722092
"782","Metz",23.5,0.684,"Ligue 1",2017,43,14,-0.379797361359587
"783","Dijon",25.3,0.636,"Ligue 1",2017,37,17,-0.452556715642015
"784","Nancy",25.2,0.697,"Ligue 1",2017,35,19,-0.360969868221613
"785","Chelsea",23.7,14.12,"Premier League",2018,70,5,2.6475922320651
"786","Man United",25.1,18.43,"Premier League",2018,81,2,2.91397977168173
"787","Arsenal",23.8,14.09,"Premier League",2018,63,6,2.64546532591059
"788","Man City",24.1,19.26,"Premier League",2018,100,1,2.95803040636998
"789","Tottenham",23.8,15.75,"Premier League",2018,77,3,2.75684036527164
"790","Liverpool",24,14.14,"Premier League",2018,75,4,2.64900766046843
"791","Everton",23.9,7.22,"Premier League",2018,49,8,1.97685495290473
"792","West Ham",24.3,6.46,"Premier League",2018,42,13,1.86562931779451
"793","Leicester",25.5,7.41,"Premier League",2018,47,9,2.002830439308
"794","Southampton",24.9,8.53,"Premier League",2018,36,17,2.14358936150359
"795","Crystal Palace",24.8,4.74,"Premier League",2018,44,10,1.55603713570699
"796","Stoke",25.2,5.08,"Premier League",2018,33,18,1.62531126159039
"797","Swansea",25.3,4.76,"Premier League",2018,33,19,1.56024766824333
"798","Watford",25.9,4.52,"Premier League",2018,41,14,1.50851199384414
"799","Newcastle",24.4,4.52,"Premier League",2018,44,11,1.50851199384414
"800","West Brom",25.5,5.02,"Premier League",2018,31,20,1.61342993370364
"801","Bournemouth",25,3.32,"Premier League",2018,44,12,1.1999647829284
"802","Brighton",25.8,2.74,"Premier League",2018,40,15,1.00795792039998
"803","Burnley",26.8,3.23,"Premier League",2018,54,7,1.17248213723457
"804","Huddersfield",24.6,1.84,"Premier League",2018,37,16,0.609765571620894
"805","Barcelona",25.2,23.41,"LaLiga",2018,93,1,3.15316328150282
"806","Real Madrid",23.5,22.38,"LaLiga",2018,76,3,3.10816770288378
"807","Ath Madrid",24.4,16.25,"LaLiga",2018,79,2,2.78809290877575
"808","Sevilla",25.5,8.17,"LaLiga",2018,58,7,2.10046890887191
"809","Valencia",23.3,7.7,"LaLiga",2018,73,4,2.04122032885964
"810","Villarreal",24.4,4.92,"LaLiga",2018,61,5,1.59330853050422
"811","Ath Bilbao",25,5.71,"LaLiga",2018,43,17,1.74221902366792
"812","Sociedad",25.2,5.5,"LaLiga",2018,49,12,1.70474809223843
"813","Las Palmas",25.9,3.24,"LaLiga",2018,22,19,1.17557332980424
"814","Celta",23.5,3.58,"LaLiga",2018,49,11,1.27536280041261
"815","Betis",24.9,3.11,"LaLiga",2018,60,6,1.13462272619114
"816","La Coruna",25.8,2.48,"LaLiga",2018,29,18,0.908258560176891
"817","Malaga",24.8,2.21,"LaLiga",2018,20,20,0.792992515529661
"818","Espanol",26.4,2.95,"LaLiga",2018,49,13,1.08180517035173
"819","Eibar",25.9,2.17,"LaLiga",2018,51,10,0.774727167552368
"820","Alaves",24.1,1.97,"LaLiga",2018,47,14,0.678033542749897
"821","Levante",24.1,1.62,"LaLiga",2018,46,15,0.482426149244293
"822","Leganes",25.9,1.58,"LaLiga",2018,43,16,0.457424847038875
"823","Getafe",25.6,1.35,"LaLiga",2018,55,8,0.300104592450338
"824","Girona",24.4,1.19,"LaLiga",2018,51,9,0.173953307123438
"825","Juventus",25.6,16.38,"Serie A",2018,95,1,2.79606107842492
"826","Napoli",24.2,9.32,"Serie A",2018,91,2,2.2321626286975
"827","Milan",23.5,8.39,"Serie A",2018,64,6,2.12704052047911
"828","Inter",24.9,10.22,"Serie A",2018,72,4,2.32434658477556
"829","Roma",22.7,6.98,"Serie A",2018,77,3,1.94304891677428
"830","Lazio",23.8,5.02,"Serie A",2018,72,5,1.61342993370364
"831","Fiorentina",23,4.1,"Serie A",2018,57,8,1.41098697371026
"832","Torino",22.8,2.86,"Serie A",2018,54,10,1.05082162483176
"833","Atalanta",22.6,3.41,"Serie A",2018,60,7,1.22671229129543
"834","Sassuolo",24,3.13,"Serie A",2018,43,11,1.14103300455206
"835","Sampdoria",23.6,2.92,"Serie A",2018,54,9,1.07158361628019
"836","Genoa",25.1,2.58,"Serie A",2018,41,12,0.947789398933526
"837","Udinese",23,1.9,"Serie A",2018,40,13,0.641853886172395
"838","Bologna",24.4,2.02,"Serie A",2018,39,15,0.703097511413113
"839","Cagliari",24.4,1.79,"Serie A",2018,39,16,0.582215619852664
"840","Benevento",24.1,1.29,"Serie A",2018,21,20,0.254642218373581
"841","Chievo",26.4,1.41,"Serie A",2018,40,14,0.343589704390077
"842","Spal",24.4,1.2,"Serie A",2018,38,17,0.182321556793955
"843","Verona",24.5,1.13,"Serie A",2018,25,19,0.122217632724249
"844","Crotone",23.1,0.925,"Serie A",2018,35,18,-0.0779615414697118
"845","Bayern Munich",23.7,16.06,"1. Bundesliga",2018,84,1,2.77633170851862
"846","Dortmund",24,12.84,"1. Bundesliga",2018,55,4,2.55256529826182
"847","Leverkusen",24.3,8.35,"1. Bundesliga",2018,55,5,2.12226153886276
"848","Schalke 04",24.6,7.08,"1. Bundesliga",2018,63,2,1.95727390770563
"849","RB Leipzig",23.1,7.18,"1. Bundesliga",2018,53,6,1.97129938306013
"850","Wolfsburg",23.3,4.57,"1. Bundesliga",2018,33,16,1.51951320490611
"851","M'gladbach",23.6,4.29,"1. Bundesliga",2018,47,9,1.45628673293993
"852","Hoffenheim",23.1,3.43,"1. Bundesliga",2018,55,3,1.23256026117785
"853","FC Koln",23.5,3.18,"1. Bundesliga",2018,22,18,1.15688119679209
"854","Hertha",23.9,2.81,"1. Bundesliga",2018,43,10,1.03318448334565
"855","Ein Frankfurt",24,2.29,"1. Bundesliga",2018,49,8,0.828551817566148
"856","Werder Bremen",24.6,2.38,"1. Bundesliga",2018,42,11,0.867100487683383
"857","Mainz",24.4,2.32,"1. Bundesliga",2018,36,14,0.841567185678219
"858","Stuttgart",23.8,2.17,"1. Bundesliga",2018,51,7,0.774727167552368
"859","Freiburg",24.5,2.02,"1. Bundesliga",2018,36,15,0.703097511413113
"860","Hamburg",23.5,2.06,"1. Bundesliga",2018,31,17,0.72270598280149
"861","Augsburg",24.6,1.65,"1. Bundesliga",2018,41,12,0.500775287912489
"862","Hannover",24.9,1.63,"1. Bundesliga",2018,39,13,0.488580014818671
"863","Paris SG",24.1,16.6,"Ligue 1",2018,93,1,2.8094026953625
"864","Monaco",22.5,7.68,"Ligue 1",2018,80,2,2.03861954715958
"865","Marseille",25.8,5.59,"Ligue 1",2018,77,4,1.72097928716701
"866","Nice",22.7,3.48,"Ligue 1",2018,54,8,1.24703229378638
"867","Lyon",22.1,3.86,"Ligue 1",2018,78,3,1.35066718347674
"868","St Etienne",23.8,2.57,"Ligue 1",2018,55,6,0.943905898907128
"869","Bordeaux",23.1,2.63,"Ligue 1",2018,55,7,0.966983846189673
"870","Toulouse",23.6,2.83,"Ligue 1",2018,37,18,1.04027671165515
"871","Rennes",23.4,1.6,"Ligue 1",2018,58,5,0.470003629245736
"872","Nantes",23.7,1.45,"Ligue 1",2018,52,9,0.371563556432483
"873","Guingamp",25.7,1.51,"Ligue 1",2018,47,12,0.412109650826833
"874","Angers",25.1,1.34,"Ligue 1",2018,41,14,0.29266961396282
"875","Lille",21.1,1.36,"Ligue 1",2018,38,15,0.307484699747961
"876","Metz",23.7,0.978,"Ligue 1",2018,26,20,-0.0222456089473197
"877","Caen",24.8,1.15,"Ligue 1",2018,38,16,0.139761942375159
"878","Montpellier",24.5,1.22,"Ligue 1",2018,51,10,0.198850858745165
"879","Dijon",24.6,1.02,"Ligue 1",2018,48,11,0.0198026272961797
"880","Amiens",26.4,0.806,"Ligue 1",2018,45,13,-0.215671536475509
"881","Troyes",25,0.857,"Ligue 1",2018,33,19,-0.154317360384357
"882","Strasbourg",25.4,0.663,"Ligue 1",2018,38,17,-0.410980288796275
"883","Man City",23.3,22.92,"Premier League",2019,98,1,3.13200989184654
"884","Chelsea",24.6,19.38,"Premier League",2019,72,3,2.96424160646262
"885","Liverpool",23.8,23.08,"Premier League",2019,97,2,3.1389664416399
"886","Man United",24.4,23.14,"Premier League",2019,66,6,3.14156272176553
"887","Tottenham",24.5,24.11,"Premier League",2019,71,4,3.18262669219308
"888","Arsenal",23.9,14.13,"Premier League",2019,70,5,2.64830019669644
"889","Everton",25,10.74,"Premier League",2019,54,8,2.37397508908072
"890","Leicester",25.4,8.66,"Premier League",2019,52,9,2.15871472257434
"891","West Ham",25.7,8.37,"Premier League",2019,52,10,2.12465388450138
"892","Southampton",23.9,6.76,"Premier League",2019,39,16,1.91102289005487
"893","Crystal Palace",25.4,7.29,"Premier League",2019,49,12,1.98650354602057
"894","Fulham",24.7,7.26,"Premier League",2019,26,19,1.9823798288367
"895","Newcastle",25,5.41,"Premier League",2019,45,14,1.68824909285839
"896","Burnley",27.1,5.63,"Premier League",2019,40,15,1.7281094421516
"897","Bournemouth",24.7,4.67,"Premier League",2019,45,13,1.54115907168081
"898","Brighton",24.8,4.21,"Premier League",2019,36,17,1.43746264769429
"899","Watford",25.2,4.37,"Premier League",2019,50,11,1.4747630091075
"900","Wolves",23.1,4.01,"Premier League",2019,57,7,1.38879124131848
"901","Huddersfield",24.3,3.43,"Premier League",2019,16,20,1.23256026117785
"902","Cardiff",26.3,2.17,"Premier League",2019,34,18,0.774727167552368
"903","Barcelona",23.7,26.42,"LaLiga",2019,87,1,3.27412129909418
"904","Real Madrid",23.6,25.84,"LaLiga",2019,68,3,3.2519236789144
"905","Ath Madrid",23.2,20.77,"LaLiga",2019,76,2,3.03350963788802
"906","Valencia",24,12.3,"LaLiga",2019,61,4,2.50959926237837
"907","Sevilla",25,6.88,"LaLiga",2019,59,6,1.92861865194525
"908","Villarreal",25.8,5.7,"LaLiga",2019,44,14,1.7404661748405
"909","Ath Bilbao",25.9,6.14,"LaLiga",2019,53,7,1.81482474215905
"910","Sociedad",23.2,5.95,"LaLiga",2019,50,11,1.78339121955754
"911","Celta",24.4,5.51,"LaLiga",2019,41,16,1.70656462316482
"912","Betis",24.4,4.75,"LaLiga",2019,50,9,1.55814461804655
"913","Leganes",25,2.43,"LaLiga",2019,45,13,0.887891257352457
"914","Espanol",25.7,2.57,"LaLiga",2019,53,8,0.943905898907128
"915","Girona",24.9,2.43,"LaLiga",2019,37,18,0.887891257352457
"916","Levante",24.9,2.27,"LaLiga",2019,44,15,0.819779831493311
"917","Alaves",24.4,1.97,"LaLiga",2019,50,10,0.678033542749897
"918","Getafe",25.7,2.11,"LaLiga",2019,59,5,0.746687947487975
"919","Vallecano",25.2,1.63,"LaLiga",2019,32,20,0.488580014818671
"920","Eibar",26.4,1.68,"LaLiga",2019,47,12,0.518793793415168
"921","Huesca",25.7,0.976,"LaLiga",2019,33,19,-0.0242926925690446
"922","Valladolid",24.1,0.911,"LaLiga",2019,41,17,-0.0932123817221787
"923","Juventus",24,14.81,"Serie A",2019,90,1,2.69530262827971
"924","Inter",23,9.76,"Serie A",2019,69,4,2.278292400425
"925","Milan",23.5,11.69,"Serie A",2019,68,5,2.45873377548398
"926","Napoli",23.3,9.64,"Serie A",2019,79,2,2.26592110862245
"927","Roma",22.8,7.63,"Serie A",2019,66,6,2.03208784529637
"928","Lazio",23.4,6.09,"Serie A",2019,59,8,1.80664808172181
"929","Atalanta",21.7,2.87,"Serie A",2019,69,3,1.05431202977153
"930","Fiorentina",22,4.41,"Serie A",2019,41,16,1.48387468945875
"931","Torino",22.8,3.17,"Serie A",2019,63,7,1.15373158788919
"932","Sampdoria",22.5,2.89,"Serie A",2019,53,9,1.06125650212434
"933","Sassuolo",22.8,2.77,"Serie A",2019,43,11,1.01884732019925
"934","Udinese",23.7,2.84,"Serie A",2019,43,12,1.04380405217311
"935","Cagliari",24.9,2.51,"Serie A",2019,41,15,0.920282753143692
"936","Genoa",22.8,1.56,"Serie A",2019,38,18,0.444685821261446
"937","Bologna",24,2.1,"Serie A",2019,44,10,0.741937344729377
"938","Spal",24.3,1.44,"Serie A",2019,42,13,0.364643113587909
"939","Parma",24.6,0.925,"Serie A",2019,41,14,-0.0779615414697118
"940","Chievo",23.7,0.903,"Serie A",2019,20,20,-0.102032725565152
"941","Frosinone",24.8,1.37,"Serie A",2019,25,19,0.314810739840034
"942","Empoli",23.1,0.988,"Serie A",2019,38,17,-0.0120725812342692
"943","Bayern Munich",24.7,26.11,"1. Bundesliga",2019,78,1,3.26231838271104
"944","Dortmund",23.4,11.08,"1. Bundesliga",2019,76,2,2.40514168131914
"945","Leverkusen",23.6,11.59,"1. Bundesliga",2019,58,4,2.45014265735166
"946","RB Leipzig",21.6,9.25,"1. Bundesliga",2019,66,3,2.22462355152433
"947","Schalke 04",24.1,6.25,"1. Bundesliga",2019,33,14,1.83258146374831
"948","M'gladbach",24.2,6.38,"1. Bundesliga",2019,55,5,1.8531680973567
"949","Hoffenheim",23.5,4.96,"1. Bundesliga",2019,51,9,1.60140574073684
"950","Stuttgart",23.9,4.69,"1. Bundesliga",2019,28,16,1.54543258245819
"951","Wolfsburg",24.1,4.04,"1. Bundesliga",2019,55,6,1.39624469197306
"952","Ein Frankfurt",23.8,2.97,"1. Bundesliga",2019,54,7,1.08856195281461
"953","Hertha",23.5,3.46,"1. Bundesliga",2019,43,11,1.24126858906963
"954","Werder Bremen",24.8,3.36,"1. Bundesliga",2019,53,8,1.21194097397511
"955","Augsburg",23.9,2.52,"1. Bundesliga",2019,32,15,0.924258901523332
"956","Hannover",24.7,2.66,"1. Bundesliga",2019,21,17,0.978326122793608
"957","Freiburg",24,2.77,"1. Bundesliga",2019,36,13,1.01884732019925
"958","Mainz",23.8,2.47,"1. Bundesliga",2019,43,12,0.904218150639886
"959","Fortuna Dusseldorf",25.3,1.39,"1. Bundesliga",2019,44,10,0.3293037471426
"960","Nurnberg",24.2,1.48,"1. Bundesliga",2019,19,18,0.392042087776024
"961","Paris SG",23.9,21.6,"Ligue 1",2019,91,1,3.07269331469012
"962","Monaco",22.4,6.76,"Ligue 1",2019,36,17,1.91102289005487
"963","Lyon",22.7,10.51,"Ligue 1",2019,72,3,2.35232718488886
"964","Marseille",25.1,8.38,"Ligue 1",2019,61,5,2.12584791449399
"965","Rennes",22.8,3.19,"Ligue 1",2019,52,10,1.16002091679675
"966","Nice",21.8,3.41,"Ligue 1",2019,56,7,1.22671229129543
"967","Bordeaux",22.9,2.62,"Ligue 1",2019,41,14,0.963174317773006
"968","Nantes",23.8,2.7,"Ligue 1",2019,48,12,0.993251773010283
"969","Lille",22.7,3.04,"Ligue 1",2019,75,2,1.11185751541813
"970","St Etienne",23.3,2.3,"Ligue 1",2019,66,4,0.832909122935104
"971","Toulouse",23.1,2.05,"Ligue 1",2019,38,16,0.717839793150317
"972","Guingamp",24.2,1.84,"Ligue 1",2019,27,20,0.609765571620894
"973","Montpellier",24.7,1.88,"Ligue 1",2019,59,6,0.631271776841858
"974","Strasbourg",24.2,1.75,"Ligue 1",2019,49,11,0.559615787935423
"975","Angers",25.5,1.51,"Ligue 1",2019,46,13,0.412109650826833
"976","Caen",23.8,1.47,"Ligue 1",2019,33,19,0.385262400790645
"977","Dijon",24.7,1.72,"Ligue 1",2019,34,18,0.542324290825362
"978","Amiens",24.4,1.52,"Ligue 1",2019,38,15,0.418710334858185
"979","Reims",23.5,1.36,"Ligue 1",2019,55,8,0.307484699747961
"980","Nimes",24,1.24,"Ligue 1",2019,53,9,0.215111379616945
